20MICRONS,20 Microns Limited,EQ,5
21STCENMGM,21st Century Management Services Limited,EQ,10
3IINFOLTD,3i Infotech Limited,EQ,10
3MINDIA,3M India Limited,EQ,10
5PAISA,5Paisa Capital Limited,EQ,10
A2ZINFRA,A2Z Infra Engineering Limited,EQ,10
AAATECH,AAA Technologies Limited,EQ,10
AAREYDRUGS,Aarey Drugs & Pharmaceuticals Limited,EQ,10
AARON,Aaron Industries Limited,EQ,10
AARTIDRUGS,Aarti Drugs Limited,EQ,10
AARTISURF,Aarti Surfactants Limited,EQ,10
AARVEEDEN,Aarvee Denims & Exports Limited,EQ,10
AARVI,Aarvi Encon Limited,EQ,10
AAVAS,Aavas Financiers Limited,EQ,10
ABBOTINDIA,Abbott India Limited,EQ,10
ABCAPITAL,Aditya Birla Capital Limited,EQ,10
ABFRL,Aditya Birla Fashion and Retail Limited,EQ,10
ABMINTLLTD,ABM International Limited,BE,10
ACC,ACC Limited,EQ,10
ACCELYA,Accelya Solutions India Limited,EQ,10
ACEINTEG,Ace Integrated Solutions Limited,EQ,10
ADANIGREEN,Adani Green Energy Limited,EQ,10
ADANIPOWER,Adani Power Limited,EQ,10
ADANITRANS,Adani Transmission Limited,EQ,10
ADFFOODS,ADF Foods Limited,EQ,10
ADL,Archidply Decor Limited,BE,10
ADORWELD,Ador Welding Limited,EQ,10
ADROITINFO,Adroit Infotech Limited,EQ,10
AETHER,Aether Industries Limited,EQ,10
AGARIND,Agarwal Industrial Corporation Limited,EQ,10
AGRITECH,Agri-Tech (India) Limited,EQ,10
AGROPHOS,Agro Phos India Limited,EQ,10
AGSTRA,AGS Transact Technologies Limited,EQ,10
AHLADA,Ahlada Engineers Limited,EQ,10
AHLEAST,Asian Hotels (East) Limited,EQ,10
AIROLAM,Airo Lam limited,EQ,10
AJMERA,Ajmera Realty & Infra India Limited,EQ,10
AKASH,Akash Infra-Projects Limited,EQ,10
AKG,Akg Exim Limited,EQ,10
AKSHAR,Akshar Spintex Limited,BE,10
AKSHARCHEM,AksharChem India Limited,EQ,10
AKZOINDIA,Akzo Nobel India Limited,EQ,10
ALBERTDAVD,Albert David Limited,EQ,10
ALKALI,Alkali Metals Limited,BE,10
ALLSEC,Allsec Technologies Limited,EQ,10
ALMONDZ,Almondz Global Securities Limited,EQ,6
ALPA,Alpa Laboratories Limited,EQ,10
ALPHAGEO,Alphageo (India) Limited,EQ,10
ALPSINDUS,Alps Industries Limited,EQ,10
AMBER,Amber Enterprises India Limited,EQ,10
AMBICAAGAR,Ambica Agarbathies & Aroma industries Limited,EQ,10
AMBIKCO,Ambika Cotton Mills Limited,EQ,10
AMDIND,AMD Industries Limited,EQ,10
AMIORG,Ami Organics Limited,EQ,10
ANDHRACEMT,Andhra Cements Limited,BE,10
ANDHRAPAP,ANDHRA PAPER LIMITED,EQ,10
ANGELONE,Angel One Limited,EQ,10
ANIKINDS,Anik Industries Limited,EQ,10
ANKITMETAL,Ankit Metal & Power Limited,EQ,10
ANMOL,Anmol India Limited,EQ,10
ANUP,The Anup Engineering Limited,EQ,10
ANURAS,Anupam Rasayan India Limited,EQ,10
APARINDS,Apar Industries Limited,EQ,10
APCL,Anjani Portland Cement Limited,EQ,10
APEX,Apex Frozen Foods Limited,EQ,10
APOLLO,Apollo Micro Systems Limited,EQ,10
APOLLOPIPE,Apollo Pipes Limited,EQ,10
APTECHT,Aptech Limited,EQ,10
ARCHIDPLY,Archidply Industries Limited,EQ,10
ARENTERP,Rajdarshan Industries Limited,EQ,10
ARIES,Aries Agro Limited,EQ,10
ARIHANTSUP,Arihant Superstructures Limited,EQ,10
ARMANFIN,Arman Financial Services Limited,EQ,10
AROGRANITE,Aro Granite Industries Limited,EQ,10
ARROWGREEN,Arrow Greentech Limited,EQ,10
ARSSINFRA,ARSS Infrastructure Projects Limited,BE,10
ARTNIRMAN,Art Nirman Limited,BE,10
ARVEE,Arvee Laboratories (India) Limited,BE,10
ARVIND,Arvind Limited,EQ,10
ARVSMART,Arvind SmartSpaces Limited,EQ,10
ASAHISONG,Asahi Songwon Colors Limited,EQ,10
ASAL,Automotive Stampings and Assemblies Limited,EQ,10
ASALCBR,Associated Alcohols & Breweries Ltd.,EQ,10
ASHIMASYN,Ashima Limited,EQ,10
ASIANENE,Asian Energy Services Limited,EQ,10
ASIANHOTNR,Asian Hotels (North) Limited,EQ,10
ASIANTILES,Asian Granito India Limited,EQ,10
ASPINWALL,Aspinwall and Company Limited,EQ,10
ASTEC,Astec LifeSciences Limited,EQ,10
ASTERDM,Aster DM Healthcare Limited,EQ,10
ASTRON,Astron Paper & Board Mill Limited,EQ,10
ATFL,Agro Tech Foods Limited,EQ,10
ATUL,Atul Limited,EQ,10
AUBANK,AU Small Finance Bank Limited,EQ,10
AURIONPRO,Aurionpro Solutions Limited,EQ,10
AUSOMENT,Ausom Enterprise Limited,EQ,10
AUTOAXLES,Automotive Axles Limited,EQ,10
AUTOIND,Autoline Industries Limited,EQ,10
AVADHSUGAR,Avadh Sugar & Energy Limited,EQ,10
AVONMORE,Avonmore Capital & Management Services Limited,EQ,10
AVROIND,AVRO INDIA LIMITED,BE,10
AYMSYNTEX,AYM Syntex Limited,EQ,10
BAFNAPH,Bafna Pharmaceuticals Limited,BE,10
BAJAJ-AUTO,Bajaj Auto Limited,EQ,10
BAJAJHLDNG,Bajaj Holdings & Investment Limited,EQ,10
BALAXI,BALAXI PHARMACEUTICALS LIMITED,EQ,10
BALKRISHNA,Balkrishna Paper Mills Limited,BE,10
BALMLAWRIE,Balmer Lawrie & Company Limited,EQ,10
BALPHARMA,Bal Pharma Limited,EQ,10
BANARBEADS,Banaras Beads Limited,EQ,10
BANARISUG,Bannari Amman Sugars Limited,EQ,10
BANDHANBNK,Bandhan Bank Limited,EQ,10
BANG,Bang Overseas Limited,EQ,10
BANKA,Banka BioLoo Limited,EQ,10
BANKINDIA,Bank of India,EQ,10
BASF,BASF India Limited,EQ,10
BAYERCROP,Bayer Cropscience Limited,EQ,10
BBL,Bharat Bijlee Limited,EQ,10
BBTCL,B&B Triplewall Containers Limited,EQ,10
BCLIND,Bcl Industries Limited,EQ,10
BCONCEPTS,Brand Concepts Limited,BE,10
BDL,Bharat Dynamics Limited,EQ,10
BECTORFOOD,Mrs. Bectors Food Specialities Limited,EQ,10
BEDMUTHA,Bedmutha Industries Limited,EQ,10
BEML,BEML Limited,EQ,10
BESTAGRO,Best Agrolife Limited,EQ,10
BGRENERGY,BGR Energy Systems Limited,EQ,10
BHAGCHEM,Bhagiradha Chemicals & Industries Limited,EQ,10
BHARATGEAR,Bharat Gears Limited,EQ,10
BHARATRAS,Bharat Rasayan Limited,EQ,10
BHARATWIRE,Bharat Wire Ropes Limited,EQ,10
BIL,Bhartiya International Limited,EQ,10
BINANIIND,Binani Industries Limited,BE,10
BINDALAGRO,Oswal Chemicals & Fertilizers Limited,EQ,10
BIOFILCHEM,Biofil Chemicals & Pharmaceuticals Limited,EQ,10
BIRLACABLE,Birla Cable Limited,EQ,10
BIRLACORPN,Birla Corporation Limited,EQ,10
BIRLATYRE,Birla Tyres Limited,BE,10
BLUEDART,Blue Dart Express Limited,EQ,10
BOHRAIND,Bohra Industries Limited,BE,10
BOSCHLTD,Bosch Limited,EQ,10
BPCL,Bharat Petroleum Corporation Limited,EQ,10
BPL,BPL Limited,EQ,10
BRIGADE,Brigade Enterprises Limited,EQ,10
BRNL,Bharat Road Network Limited,EQ,10
BROOKS,Brooks Laboratories Limited,EQ,10
BSL,BSL Limited,BE,10
BTML,Bodhi Tree Multimedia Limited,EQ,10
BURNPUR,Burnpur Cement Limited,EQ,10
BUTTERFLY,Butterfly Gandhimathi Appliances Limited,EQ,10
BVCL,Barak Valley Cements Limited,EQ,10
BYKE,The Byke Hospitality Ltd,EQ,10
CALSOFT,California Software Company Limited,EQ,10
CAMS,Computer Age Management Services Limited,EQ,10
CANBK,Canara Bank,EQ,10
CANTABIL,Cantabil Retail India Limited,EQ,10
CAPACITE,Capacit'e Infraprojects Limited,EQ,10
CAPTRUST,Capital Trust Limited,EQ,10
CAREERP,Career Point Limited,EQ,10
CARERATING,CARE Ratings Limited,EQ,10
CARTRADE,Cartrade Tech Limited,EQ,10
CDSL,Central Depository Services (India) Limited,EQ,10
CEATLTD,CEAT Limited,EQ,10
CELEBRITY,Celebrity Fashions Limited,EQ,10
CENTENKA,Century Enka Limited,EQ,10
CENTRALBK,Central Bank of India,EQ,10
CENTUM,Centum Electronics Limited,EQ,10
CENTURYTEX,Century Textiles & Industries Limited,EQ,10
CEREBRAINT,Cerebra Integrated Technologies Limited,EQ,10
CHALET,Chalet Hotels Limited,EQ,10
CHAMBLFERT,Chambal Fertilizers & Chemicals Limited,EQ,10
CHEMCON,Chemcon Speciality Chemicals Limited,EQ,10
CHEMFAB,Chemfab Alkalis Limited,EQ,10
CHENNPETRO,Chennai Petroleum Corporation Limited,EQ,10
CHEVIOT,Cheviot Company Limited,EQ,10
CHOICEIN,Choice International Limited,EQ,10
CIGNITITEC,Cigniti Technologies Limited,EQ,10
CLNINDIA,Clariant Chemicals (India) Limited,EQ,10
CMICABLES,CMI Limited,BE,10
CMSINFO,CMS Info Systems Limited,EQ,10
COALINDIA,Coal India Limited,EQ,10
COASTCORP,Coastal Corporation Limited,EQ,10
COCHINSHIP,Cochin Shipyard Limited,EQ,10
COFFEEDAY,Coffee Day Enterprises Limited,EQ,10
COFORGE,Coforge Limited,EQ,10
CONSOFINVT,Consolidated Finvest & Holdings Limited,EQ,10
CONTROLPR,Control Print Limited,EQ,10
CORDSCABLE,Cords Cable Industries Limited,EQ,10
COSMOFIRST,COSMO FIRST LIMITED,EQ,10
CREATIVE,Creative Newtech Limited,EQ,10
CREDITACC,CREDITACCESS GRAMEEN LIMITED,EQ,10
CREST,Crest Ventures Limited,EQ,10
CROWN,Crown Lifters Limited,BE,10
CSBBANK,CSB Bank Limited,EQ,10
CSLFINANCE,CSL Finance Limited,EQ,10
CTE,Cambridge Technology Enterprises Limited,EQ,10
CUBEXTUB,Cubex Tubings Limited,EQ,10
CUPID,Cupid Limited,EQ,10
CYBERMEDIA,Cyber Media (India) Limited,EQ,10
CYBERTECH,Cybertech Systems And Software Limited,EQ,10
DBCORP,D.B.Corp Limited,EQ,10
DBL,Dilip Buildcon Limited,EQ,10
DBOL,Dhampur Bio Organics Limited,EQ,10
DBREALTY,D B Realty Limited,EQ,10
DCBBANK,DCB Bank Limited,EQ,10
DCI,Dc Infotech And Communication Limited,BE,10
DCM,DCM  Limited,EQ,10
DCMFINSERV,DCM Financial Services Limited,EQ,10
DCMNVL,DCM Nouvelle Limited,EQ,10
DEEPAKFERT,Deepak Fertilizers and Petrochemicals Corporation Limited,EQ,10
DEEPENR,DEEP ENERGY RESOURCES LIMITED,EQ,10
DEEPINDS,Deep Industries Limited,EQ,10
DELPHIFX,DELPHI WORLD MONEY LIMITED,EQ,10
DELTAMAGNT,Delta Manufacturing Limited,EQ,10
DEN,Den Networks Limited,EQ,10
DENORA,De Nora India Limited,EQ,10
DHAMPURSUG,Dhampur Sugar Mills Limited,EQ,10
DHANBANK,Dhanlaxmi Bank Limited,EQ,10
DHARMAJ,Dharmaj Crop Guard Limited,EQ,10
DHARSUGAR,Dharani Sugars&Chemicals Limited,BZ,10
DHRUV,Dhruv Consultancy Services Limited,EQ,10
DHUNINV,Dhunseri Investments Limited,EQ,10
DICIND,DIC India Limited,EQ,10
DIGJAMLMTD,Digjam Limited,BE,10
DIL,Debock Industries Limited,EQ,10
DJML,DJ Mediaprint & Logistics Limited,EQ,10
DMART,Avenue Supermarts Limited,EQ,10
DMCC,DMCC SPECIALITY CHEMICALS LIMITED,EQ,10
DODLA,Dodla Dairy Limited,EQ,10
DPABHUSHAN,D. P. Abhushan Limited,EQ,10
DPWIRES,D P Wires Limited,EQ,10
DREDGECORP,Dredging Corporation of India Limited,EQ,10
DSSL,Dynacons Systems & Solutions Limited,EQ,10
DTIL,Dhunseri Tea & Industries Limited,EQ,10
DVL,Dhunseri Ventures Limited,EQ,10
DYCL,Dynamic Cables Limited,EQ,10
DYNAMATECH,Dynamatic Technologies Limited,EQ,10
DYNPRO,Dynemic Products Limited,EQ,10
E2E,E2E Networks Limited,EQ,10
ECLERX,eClerx Services Limited,EQ,10
EIFFL,Euro India Fresh Foods Limited,EQ,10
EIHAHOTELS,EIH Associated Hotels Limited,EQ,10
EIMCOELECO,Eimco Elecon (India) Limited,EQ,10
ELECTHERM,Electrotherm (India) Limited,EQ,10
EMIL,Electronics Mart India Limited,EQ,10
EMKAY,Emkay Global Financial Services Limited,EQ,10
EMMBI,Emmbi Industries Limited,EQ,10
ENDURANCE,Endurance Technologies Limited,EQ,10
ENERGYDEV,Energy Development Company Limited,EQ,10
ENIL,Entertainment Network (India) Limited,EQ,10
EQUITASBNK,Equitas Small Finance Bank Limited,EQ,10
EROSMEDIA,Eros International Media Limited,EQ,10
ESABINDIA,Esab India Limited,EQ,10
ESCORTS,Escorts Kubota Limited,EQ,10
ESSARSHPNG,Essar Shipping Limited,EQ,10
ETHOSLTD,Ethos Limited,EQ,10
EVERESTIND,Everest Industries Limited,EQ,10
EXPLEOSOL,Expleo Solutions Limited,EQ,10
EXXARO,Exxaro Tiles Limited,EQ,10
FACT,Fertilizers and Chemicals Travancore Limited,EQ,10
FAIRCHEMOR,Fairchem Organics Limited,EQ,10
FAZE3Q,Faze Three Limited,EQ,10
FCONSUMER,Future Consumer Limited,EQ,6
FIBERWEB,Fiberweb (India) Limited,EQ,10
FIEMIND,Fiem Industries Limited,EQ,10
FINOPB,Fino Payments Bank Limited,EQ,10
FLEXITUFF,Flexituff Ventures International Limited,BE,10
FMGOETZE,Federal-Mogul Goetze (India) Limited.,EQ,10
FMNL,Future Market Networks Limited,EQ,10
FOCUS,Focus Lighting and Fixtures Limited,EQ,10
FORCEMOT,FORCE MOTORS LTD,EQ,10
FORTIS,Fortis Healthcare Limited,EQ,10
FOSECOIND,Foseco India Limited,EQ,10
FSC,Future Supply Chain Solutions Limited,BE,10
FSL,Firstsource Solutions Limited,EQ,10
FUSION,Fusion Micro Finance Limited,EQ,10
GAIL,GAIL (India) Limited,EQ,10
GALAXYSURF,Galaxy Surfactants Limited,EQ,10
GALLANTT,Gallantt Ispat Limited,EQ,10
GANECOS,Ganesha Ecosphere Limited,EQ,10
GANESHHOUC,Ganesh Housing Corporation Limited,EQ,10
GANGESSECU,Ganges Securities Limited,EQ,10
GARFIBRES,Garware Technical Fibres Limited,EQ,10
GATEWAY,Gateway Distriparks Limited,EQ,10
GEECEE,GeeCee Ventures Limited,EQ,10
GEEKAYWIRE,Geekay Wires Limited,EQ,10
GEPIL,GE Power India Limited,EQ,10
GESHIP,The Great Eastern Shipping Company Limited,EQ,10
GHCL,GHCL Limited,EQ,10
GICHSGFIN,GIC Housing Finance Limited,EQ,10
GILLANDERS,Gillanders Arbuthnot & Company Limited,EQ,10
GILLETTE,Gillette India Limited,EQ,10
GINNIFILA,Ginni Filaments Limited,EQ,10
GIPCL,Gujarat Industries Power Company Limited,EQ,10
GKWLIMITED,GKW Limited,EQ,10
GLAXO,GlaxoSmithKline Pharmaceuticals Limited,EQ,10
GLFL,Gujarat Lease Financing Limited,EQ,10
GLOBALVECT,Global Vectra Helicorp Limited,EQ,10
GLOBUSSPR,Globus Spirits Limited,EQ,10
GMBREW,GM Breweries Limited,EQ,10
GNA,GNA Axles Limited,EQ,10
GNFC,Gujarat Narmada Valley Fertilizers and Chemicals Limited,EQ,10
GOACARBON,Goa Carbon Limited,EQ,10
GOCOLORS,Go Fashion (India) Limited,EQ,10
GODREJAGRO,Godrej Agrovet Limited,EQ,10
GOLDENTOBC,Golden Tobacco Limited,BZ,10
GOLDTECH,Goldstone Technologies Limited,EQ,10
GOODYEAR,Goodyear India Limited,EQ,10
GOYALALUM,Goyal Aluminiums Limited,EQ,10
GPPL,Gujarat Pipavav Port Limited,EQ,10
GPTINFRA,GPT Infraprojects Limited,EQ,10
GREENPOWER,Orient Green Power Company Limited,EQ,10
GROBTEA,The Grob Tea Company Limited,EQ,10
GRPLTD,GRP Limited,EQ,10
GRSE,Garden Reach Shipbuilders & Engineers Limited,EQ,10
GRWRHITECH,Garware Hi-Tech Films Limited,EQ,10
GSCLCEMENT,Gujarat Sidhee Cement Limited,EQ,10
GSPL,Gujarat State Petronet Limited,EQ,10
GSS,GSS Infotech Limited,EQ,10
GTL,GTL Limited,EQ,10
GTLINFRA,GTL Infrastructure Limited,EQ,10
GTPL,GTPL Hathway Limited,EQ,10
GUJALKALI,Gujarat Alkalies and Chemicals Limited,EQ,10
GUJAPOLLO,Gujarat Apollo Industries Limited,EQ,10
GUJRAFFIA,Gujarat Raffia Industries Limited,BE,10
HAL,Hindustan Aeronautics Limited,EQ,10
HARDWYN,Hardwyn India Limited,EQ,10
HARIOMPIPE,Hariom Pipe Industries Limited,EQ,10
HARRMALAYA,Harrisons  Malayalam Limited,EQ,10
HARSHA,Harsha Engineers International Limited,EQ,10
HBSL,HB Stockholdings Limited,EQ,10
HCG,Healthcare Global Enterprises Limited,EQ,10
HDFCLIFE,HDFC Life Insurance Company Limited,EQ,10
HDIL,Housing Development and Infrastructure Limited,BZ,10
HEADSUP,Heads UP Ventures Limited,EQ,10
HECPROJECT,HEC Infra Projects Limited,BE,10
HEG,HEG Limited,EQ,10
HEIDELBERG,HeidelbergCement India Limited,EQ,10
HEMIPROP,Hemisphere Properties India Limited,EQ,10
HERANBA,Heranba Industries Limited,EQ,10
HESTERBIO,Hester Biosciences Limited,EQ,10
HGINFRA,H.G. Infra Engineering Limited,EQ,10
HGS,Hinduja Global Solutions Limited,EQ,10
HIL,HIL Limited,EQ,10
HILTON,Hilton Metal Forging Limited,EQ,10
HINDCON,Hindcon Chemicals Limited,EQ,10
HINDOILEXP,Hindustan Oil Exploration Company Limited,EQ,10
HINDPETRO,Hindustan Petroleum Corporation Limited,EQ,10
HISARMETAL,Hisar Metal Industries Limited,EQ,10
HITECH,Hi-Tech Pipes Limited,EQ,10
HITECHCORP,Hitech Corporation Limited,EQ,10
HITECHGEAR,The Hi-Tech Gears Limited,EQ,10
HMT,HMT Limited,BZ,10
HMVL,Hindustan Media Ventures Limited,EQ,10
HONAUT,Honeywell Automation India Limited,EQ,10
HONDAPOWER,Honda India Power Products Limited,EQ,10
HOVS,HOV Services Limited,EQ,10
HPAL,HP Adhesives Limited,EQ,10
HPIL,Hindprakash Industries Limited,EQ,10
HPL,HPL Electric & Power Limited,EQ,10
HUBTOWN,Hubtown Limited,EQ,10
HUDCO,Housing & Urban Development Corporation Limited,EQ,10
ICDSLTD,ICDS Limited,BE,10
ICEMAKE,Ice Make Refrigeration Limited,EQ,10
ICICIGI,ICICI Lombard General Insurance Company Limited,EQ,10
ICICIPRULI,ICICI Prudential Life Insurance Company Limited,EQ,10
ICRA,ICRA Limited,EQ,10
IDBI,IDBI Bank Limited,EQ,10
IDEA,Vodafone Idea Limited,EQ,10
IDFC,IDFC Limited,EQ,10
IDFCFIRSTB,IDFC First Bank Limited,EQ,10
IFBAGRO,IFB Agro Industries Limited,EQ,10
IFBIND,IFB Industries Limited,EQ,10
IFCI,IFCI Limited,EQ,10
IFGLEXPOR,IFGL Refractories Limited,EQ,10
IGARASHI,Igarashi Motors India Limited,EQ,10
IGPL,IG Petrochemicals Limited,EQ,10
IITL,Industrial Investment Trust Limited,EQ,10
IL&FSENGG,IL&FS Engineering and Construction Company Limited,BZ,10
IL&FSTRANS,IL&FS Transportation Networks Limited,BZ,10
IMAGICAA,Imagicaaworld Entertainment Limited,EQ,10
IMFA,Indian Metals & Ferro Alloys Limited,EQ,10
IMPAL,India Motor Parts and Accessories Limited,EQ,10
IMPEXFERRO,Impex Ferro Tech Limited,BE,10
INCREDIBLE,INCREDIBLE INDUSTRIES LIMITED,BE,10
INDBANK,Indbank Merchant Banking Services Limited,EQ,10
INDIACEM,The India Cements Limited,EQ,10
INDIAGLYCO,India Glycols Limited,EQ,10
INDIAMART,Indiamart Intermesh Limited,EQ,10
INDIANB,Indian Bank,EQ,10
INDIANCARD,Indian Card Clothing Company Limited,EQ,10
INDIGO,InterGlobe Aviation Limited,EQ,10
INDIGOPNTS,Indigo Paints Limited,EQ,10
INDLMETER,IMP Powers Limited,BZ,10
INDORAMA,Indo Rama Synthetics (India) Limited,EQ,10
INDOSTAR,IndoStar Capital Finance Limited,BE,10
INDOTECH,Indo Tech Transformers Limited,EQ,10
INDOTHAI,Indo Thai Securities Limited,BE,10
INDOWIND,Indowind Energy Limited,BE,10
INDRAMEDCO,Indraprastha Medical Corporation Limited,BE,10
INDSWFTLAB,Ind-Swift Laboratories Limited,EQ,10
INDUSINDBK,IndusInd Bank Limited,EQ,10
INDUSTOWER,Indus Towers Limited,EQ,10
INFOBEAN,InfoBeans Technologies Limited,EQ,10
INFOMEDIA,Infomedia Press Limited,EQ,10
INGERRAND,Ingersoll Rand (India) Limited,EQ,10
INOXGREEN,Inox Green Energy Services Limited,EQ,10
INOXWIND,Inox Wind Limited,EQ,10
INSECTICID,Insecticides (India) Limited,EQ,10
INSPIRISYS,Inspirisys Solutions Limited,EQ,10
IOB,Indian Overseas Bank,EQ,10
IOC,Indian Oil Corporation Limited,EQ,10
IOLCP,IOL Chemicals and Pharmaceuticals Limited,EQ,10
IONEXCHANG,ION Exchange (India) Limited,EQ,10
IRFC,Indian Railway Finance Corporation Limited,EQ,10
IRIS,Iris Business Services Limited,EQ,10
IRISDOREME,Iris Clothings Limited,EQ,10
ISFT,Intrasoft Technologies Limited,EQ,10
ITDC,India Tourism Development Corporation Limited,EQ,10
ITI,ITI Limited,EQ,10
IVP,IVP Limited,EQ,10
IWEL,Inox Wind Energy Limited,EQ,10
IZMO,IZMO Limited,EQ,10
JAIBALAJI,Jai Balaji Industries Limited,EQ,10
JAIPURKURT,Nandani Creation Limited,BE,10
JASH,Jash Engineering Limited,EQ,10
JAYNECOIND,Jayaswal Neco Industries Limited,EQ,10
JBFIND,JBF Industries Limited,BZ,10
JCHAC,Johnson Controls - Hitachi Air Conditioning India Limited,EQ,10
JETAIRWAYS,Jet Airways (India) Limited,BZ,10
JHS,JHS Svendgaard Laboratories Limited,EQ,10
JINDALPHOT,Jindal Photo Limited,EQ,10
JINDALPOLY,Jindal Poly Films Limited,EQ,10
JKCEMENT,JK Cement Limited,EQ,10
JKPAPER,JK Paper Limited,EQ,10
JOCIL,Jocil Limited,EQ,10
JPINFRATEC,Jaypee Infratech Limited,BE,10
JPOLYINVST,Jindal Poly Investment and Finance Company Limited,EQ,10
JPPOWER,Jaiprakash Power Ventures Limited,EQ,10
JSWENERGY,JSW Energy Limited,EQ,10
JSWHL,JSW Holdings Limited,EQ,10
JSWISPL,JSW Ispat Special Products Limited,EQ,10
JUBLINDS,Jubilant Industries Limited,EQ,10
JUSTDIAL,Just Dial Limited,EQ,10
JWL,Jupiter Wagons Limited,EQ,10
KAKATCEM,Kakatiya Cement Sugar & Industries Limited,EQ,10
KALYANI,Kalyani Commercials Limited,BE,10
KALYANIFRG,Kalyani Forge Limited,BE,10
KALYANKJIL,Kalyan Jewellers India Limited,EQ,10
KAMATHOTEL,Kamat Hotels (I) Limited,EQ,10
KAMDHENU,Kamdhenu Limited,EQ,10
KANPRPLA,Kanpur Plastipack Limited,EQ,10
KAPSTON,Kapston Services Limited,BE,10
KARMAENG,Karma Energy Limited,EQ,10
KAUSHALYA,Kaushalya Infrastructure Development Corporation Limited,EQ,10
KAVVERITEL,Kavveri Telecom Products Limited,EQ,10
KAYA,Kaya Limited,EQ,10
KAYNES,Kaynes Technology India Limited,EQ,10
KDDL,KDDL Limited,EQ,10
KECL,Kirloskar Electric Company Limited,EQ,10
KENNAMET,Kennametal India Limited,EQ,10
KERNEX,Kernex Microsystems (India) Limited,BE,10
KESORAMIND,Kesoram Industries Limited,EQ,10
KEYFINSERV,Keynote Financial Services Limited,EQ,10
KFINTECH,Kfin Technologies Limited,EQ,10
KHADIM,Khadim India Limited,EQ,10
KHAITANLTD,Khaitan (India) Limited,BE,10
KHANDSE,Khandwala Securities Limited,BE,10
KICL,Kalyani Investment Company Limited,EQ,10
KILITCH,Kilitch Drugs (India) Limited,EQ,10
KIMS,Krishna Institute of Medical Sciences Limited,EQ,10
KINGFA,Kingfa Science & Technology (India) Limited,EQ,10
KIOCL,KIOCL Limited,EQ,10
KIRIINDUS,Kiri Industries Limited,EQ,10
KIRLOSIND,Kirloskar Industries Limited,EQ,10
KKCL,Kewal Kiran Clothing Limited,EQ,10
KOHINOOR,Kohinoor Foods Limited,EQ,10
KOLTEPATIL,Kolte - Patil Developers Limited,EQ,10
KOPRAN,Kopran Limited,EQ,10
KOTARISUG,Kothari Sugars And Chemicals Limited,EQ,10
KOTHARIPET,Kothari Petrochemicals Limited,EQ,10
KOTHARIPRO,Kothari Products Limited,EQ,10
KOVAI,Kovai Medical Center and Hospital Limited,EQ,10
KPIGREEN,KPI Green Energy Limited,EQ,10
KPITTECH,KPIT Technologies Limited,EQ,10
KREBSBIO,Krebs Biochemicals and Industries Limited,EQ,10
KRISHANA,Krishana Phoschem Limited,EQ,10
KSB,Ksb Limited,EQ,10
KSOLVES,Ksolves India Limited,EQ,10
KTKBANK,The Karnataka Bank Limited,EQ,10
L&TFH,L&T Finance Holdings Limited,EQ,10
LAGNAM,Lagnam Spintex Limited,EQ,10
LAKPRE,Lakshmi Precision Screws Limited,BZ,10
LALPATHLAB,Dr. Lal Path Labs Ltd.,EQ,10
LASA,Lasa Supergenerics Limited,EQ,10
LAXMICOT,Laxmi Cotspin Limited,EQ,10
LAXMIMACH,Lakshmi Machine Works Limited,EQ,10
LEMONTREE,Lemon Tree Hotels Limited,EQ,10
LFIC,Lakshmi Finance & Industrial Corporation Limited,EQ,10
LGBBROSLTD,LG Balakrishnan & Bros Limited,EQ,10
LIBAS,Libas Consumer Products Limited,EQ,10
LIBERTSHOE,Liberty Shoes Limited,EQ,10
LICI,Life Insurance Corporation Of India,EQ,10
LINC,Linc Limited,EQ,10
LINCOLN,Lincoln Pharmaceuticals Limited,EQ,10
LINDEINDIA,Linde India Limited,EQ,10
LODHA,Macrotech Developers Limited,EQ,10
LOKESHMACH,Lokesh Machines Limited,EQ,10
LOTUSEYE,Lotus Eye Hospital and Institute Limited,BE,10
LOVABLE,Lovable Lingerie Limited,EQ,10
LOYALTEX,Loyal Textile Mills Limited,EQ,10
LUMAXIND,Lumax Industries Limited,EQ,10
LYKALABS,Lyka Labs Limited,EQ,10
LYPSAGEMS,Lypsa Gems & Jewellery Limited,EQ,10
MAANALU,Maan Aluminium Limited,EQ,10
MACPOWER,Macpower CNC Machines Limited,EQ,10
MADHAV,Madhav Marbles and Granites Limited,EQ,10
MADRASFERT,Madras Fertilizers Limited,EQ,10
MAGADSUGAR,Magadh Sugar & Energy Limited,EQ,10
MAGNUM,Magnum Ventures Limited,EQ,10
MAHABANK,Bank of Maharashtra,EQ,10
MAHAPEXLTD,Maha Rashtra Apex Corporation Limited,EQ,10
MAHASTEEL,Mahamaya Steel Industries Limited,EQ,10
MAHEPC,Mahindra EPC Irrigation Limited,EQ,10
MAHESHWARI,Maheshwari Logistics Limited,EQ,10
MAHINDCIE,Mahindra CIE Automotive Limited,EQ,10
MAHLIFE,Mahindra Lifespace Developers Limited,EQ,10
MAHLOG,Mahindra Logistics Limited,EQ,10
MAHSCOOTER,Maharashtra Scooters Limited,EQ,10
MAITHANALL,Maithan Alloys Limited,EQ,10
MALLCOM,Mallcom (India) Limited,EQ,10
MALUPAPER,Malu Paper Mills Limited,EQ,10
MANGALAM,Mangalam Drugs And Organics Limited,EQ,10
MANGCHEFER,Mangalore Chemicals & Fertilizers Limited,EQ,10
MANGLMCEM,Mangalam Cement Limited,EQ,10
MANOMAY,Manomay Tex India Limited,EQ,10
MANORAMA,Manorama Industries Limited,EQ,10
MANORG,Mangalam Organics Limited,EQ,10
MARALOVER,Maral Overseas Limited,EQ,10
MARSHALL,Marshall Machines Limited,EQ,10
MASFIN,MAS Financial Services Limited,EQ,10
MASKINVEST,Mask Investments Limited,BE,10
MAWANASUG,Mawana Sugars Limited,EQ,10
MAXHEALTH,Max Healthcare Institute Limited,EQ,10
MAXIND,Max India Limited,EQ,10
MAXVIL,Max Ventures and Industries Limited,EQ,10
MAZDA,Mazda Limited,EQ,10
MAZDOCK,Mazagon Dock Shipbuilders Limited,EQ,10
MBAPL,Madhya Bharat Agro Products Limited,BE,10
MBLINFRA,MBL Infrastructure Limited,BE,10
MCX,Multi Commodity Exchange of India Limited,EQ,10
MEDICAMEQ,Medicamen Biotech Limited,EQ,10
MEDICO,Medico Remedies Limited,BE,10
MEGASOFT,Megasoft Limited,EQ,10
MEGASTAR,Megastar Foods Limited,EQ,10
MELSTAR,Melstar Information Technologies Limited,BZ,10
MEP,MEP Infrastructure Developers Limited,EQ,10
METALFORGE,Metalyst Forgings Limited,BZ,10
MFL,Meghmani Finechem Limited,EQ,10
MGL,Mahanagar Gas Limited,EQ,10
MHLXMIRU,Mahalaxmi Rubtech Limited,EQ,10
MHRIL,Mahindra Holidays & Resorts India Limited,EQ,10
MIDHANI,Mishra Dhatu Nigam Limited,EQ,10
MINDTECK,Mindteck (India) Limited,EQ,10
MITCON,MITCON Consultancy & Engineering Services Limited,EQ,10
MITTAL,Mittal Life Style Limited,EQ,10
MITTAL-RE,Mittal Life Style Ltd-RE,BE,10
MMFL,MM Forgings Limited,EQ,10
MMP,MMP Industries Limited,EQ,10
MODIRUBBER,Modi Rubber Limited,BE,10
MOHITIND,Mohit Industries Limited,EQ,10
MOIL,MOIL Limited,EQ,10
MONARCH,Monarch Networth Capital Limited,EQ,10
MONTECARLO,Monte Carlo Fashions Limited,EQ,10
MORARJEE,Morarjee Textiles Limited,EQ,7
MPHASIS,MphasiS Limited,EQ,10
MPSLTD,MPS Limited,EQ,10
MRF,MRF Limited,EQ,10
MRPL,Mangalore Refinery and Petrochemicals Limited,EQ,10
MSPL,MSP Steel & Power Limited,EQ,10
MSTCLTD,Mstc Limited,EQ,10
MTARTECH,Mtar Technologies Limited,EQ,10
MTEDUCARE,MT Educare Limited,BE,10
MTNL,Mahanagar Telephone Nigam Limited,EQ,10
MUKANDLTD,Mukand Limited,EQ,10
MURUDCERA,Murudeshwar Ceramics Limited,EQ,10
MUTHOOTCAP,Muthoot Capital Services Limited,EQ,10
MUTHOOTFIN,Muthoot Finance Limited,EQ,10
NAHARINDUS,Nahar Industrial Enterprises Limited,EQ,10
NAM-INDIA,Nippon Life India Asset Management Limited,EQ,10
NARMADA,Narmada Agrobase Limited,EQ,10
NATHBIOGEN,Nath Bio-Genes (India) Limited,EQ,10
NAUKRI,Info Edge (India) Limited,EQ,10
NAVKARCORP,Navkar Corporation Limited,EQ,10
NCLIND,NCL Industries Limited,EQ,10
NDGL,Naga Dhunseri Group Limited,EQ,10
NDL,Nandan Denim Limited,EQ,10
NDRAUTO,Ndr Auto Components Limited,EQ,10
NECCLTD,North Eastern Carrying Corporation Limited,EQ,10
NELCO,NELCO Limited,EQ,10
NEOGEN,Neogen Chemicals Limited,EQ,10
NESTLEIND,Nestle India Limited,EQ,10
NEULANDLAB,Neuland Laboratories Limited,EQ,10
NEWGEN,Newgen Software Technologies Limited,EQ,10
NEXTMEDIA,Next Mediaworks Limited,BE,10
NFL,National Fertilizers Limited,EQ,10
NGIL,Nakoda Group of Industries Limited,EQ,10
NH,Narayana Hrudayalaya Ltd.,EQ,10
NHPC,NHPC Limited,EQ,10
NILKAMAL,Nilkamal Limited,EQ,10
NINSYS,NINtec Systems Limited,EQ,10
NIRAJ,Niraj Cement Structurals Limited,EQ,10
NIRAJISPAT,Niraj Ispat Industries Limited,BE,10
NITCO,Nitco Limited,EQ,10
NITINSPIN,Nitin Spinners Limited,EQ,10
NITIRAJ,Nitiraj Engineers Limited,EQ,10
NKIND,NK Industries Limited,EQ,10
NLCINDIA,NLC India Limited,EQ,10
NOCIL,NOCIL Limited,EQ,10
NOIDATOLL,Noida Toll Bridge Company Limited,EQ,10
NORBTEAEXP,Norben Tea & Exports Limited,BE,10
NRAIL,N R Agarwal Industries Limited,EQ,10
NRL,Nupur Recyclers Limited,EQ,10
NSIL,Nalwa Sons Investments Limited,EQ,10
NSLNISP,NMDC Steel Limited,BE,10
NTPC,NTPC Limited,EQ,10
NUCLEUS,Nucleus Software Exports Limited,EQ,10
NURECA,Nureca Limited,EQ,10
NUVOCO,Nuvoco Vistas Corporation Limited,EQ,10
NXTDIGITAL,NXTDIGITAL LIMITED,BE,10
OBCL,Orissa Bengal Carrier Limited,EQ,10
OBEROIRLTY,Oberoi Realty Limited,EQ,10
OCCL,Oriental Carbon & Chemicals Limited,EQ,10
OIL,Oil India Limited,EQ,10
OILCOUNTUB,Oil Country Tubular Limited,EQ,10
OMAXAUTO,Omax Autos Limited,BE,10
OMAXE,Omaxe Limited,EQ,10
OMKARCHEM,Omkar Speciality Chemicals Limited,BZ,10
ONELIFECAP,Onelife Capital Advisors Limited,EQ,10
ONMOBILE,OnMobile Global Limited,EQ,10
ONWARDTEC,Onward Technologies Limited,EQ,10
OPTIEMUS,Optiemus Infracom Limited,EQ,10
ORBTEXP,Orbit Exports Limited,EQ,10
ORCHPHARMA,Orchid Pharma Limited,BE,10
ORIENTALTL,Oriental Trimex Limited,EQ,10
ORIENTBELL,Orient Bell Limited,EQ,10
ORIENTLTD,Orient Press Limited,EQ,10
ORTINLAB,Ortin Laboratories Limited,EQ,10
OSIAHYPER,Osia Hyper Retail Limited,EQ,10
OSWALAGRO,Oswal Agro Mills Limited,EQ,10
OSWALSEEDS,ShreeOswal Seeds And Chemicals Limited,EQ,10
PAGEIND,Page Industries Limited,EQ,10
PALASHSECU,Palash Securities Limited,BE,10
PALREDTEC,Palred Technologies Limited,EQ,10
PANACHE,Panache Digilife Limited,BE,10
PANSARI,Pansari Developers Limited,EQ,10
PAR,Par Drugs And Chemicals Limited,EQ,10
PARADEEP,Paradeep Phosphates Limited,EQ,10
PARAGMILK,Parag Milk Foods Limited,EQ,10
PARAS,Paras Defence and Space Technologies Limited,EQ,10
PASUPTAC,Pasupati Acrylon Limited,EQ,10
PATINTLOG,Patel Integrated Logistics Limited,EQ,10
PCJEWELLER,PC Jeweller Limited,EQ,10
PEARLPOLY,Pearl Polymers Limited,BE,10
PERSISTENT,Persistent Systems Limited,EQ,10
PETRONET,Petronet LNG Limited,EQ,10
PFC,Power Finance Corporation Limited,EQ,10
PFIZER,Pfizer Limited,EQ,10
PFS,PTC India Financial Services Limited,EQ,10
PGEL,PG Electroplast Limited,EQ,10
PGHH,Procter & Gamble Hygiene and Health Care Limited,EQ,10
PGHL,Procter & Gamble Health Limited,EQ,10
PGIL,Pearl Global Industries Limited,EQ,10
PILANIINVS,Pilani Investment and Industries Corporation Limited,EQ,10
PIONEEREMB,Pioneer Embroideries Limited,EQ,10
PIXTRANS,Pix Transmissions Limited,EQ,10
PKTEA,The Peria Karamalai Tea & Produce Company Limited,BE,10
PNBGILTS,PNB Gilts Limited,EQ,10
PNBHOUSING,PNB Housing Finance Limited,EQ,10
PNC,Pritish Nandy Communications Limited,EQ,10
PODDARHOUS,Poddar Housing and Development Limited,EQ,10
PODDARMENT,Poddar Pigments Limited,EQ,10
POLYCAB,Polycab India Limited,EQ,10
POLYPLEX,Polyplex Corporation Limited,EQ,10
PONNIERODE,Ponni Sugars (Erode) Limited,EQ,10
POWERGRID,Power Grid Corporation of India Limited,EQ,10
POWERMECH,Power Mech Projects Limited,EQ,10
PPAP,PPAP Automotive Limited,BE,10
PPL,Prakash Pipes Limited,EQ,10
PPLPHARMA,Piramal Pharma Limited,EQ,10
PRAENG,Prajay Engineers Syndicate Limited,EQ,10
PRAKASH,Prakash Industries Limited,EQ,10
PRECAM,Precision Camshafts Limited,EQ,10
PRECOT,Precot Limited,EQ,10
PREMEXPLN,Premier Explosives Limited,EQ,10
PREMIER,Premier Limited,BE,10
PRESTIGE,Prestige Estates Projects Limited,EQ,10
PRINCEPIPE,Prince Pipes And Fittings Limited,EQ,10
PRITI,Priti International Limited,BE,10
PRIVISCL,Privi Speciality Chemicals Limited,EQ,10
PRSMJOHNSN,Prism Johnson Limited,EQ,10
PSB,Punjab & Sind Bank,EQ,10
PSPPROJECT,PSP Projects Limited,EQ,10
PTC,PTC India Limited,EQ,10
PUNJABCHEM,Punjab Chemicals & Crop Protection Limited,EQ,10
PVP,PVP Ventures Limited,EQ,10
PVR,PVR Limited,EQ,10
QUESS,Quess Corp Limited,EQ,10
QUICKHEAL,Quick Heal Technologies Limited,EQ,10
RADHIKAJWE,Radhika Jeweltech Limited,EQ,10
RAILTEL,Railtel Corporation Of India Limited,EQ,10
RAINBOW,Rainbow Childrens Medicare Limited,EQ,10
RAJSREESUG,Rajshree Sugars & Chemicals Limited,EQ,10
RAMANEWS,Shree Rama Newsprint Limited,EQ,10
RAMAPHO,Rama Phosphates Limited,EQ,10
RAMCOSYS,Ramco Systems Limited,EQ,10
RAMKY,Ramky Infrastructure Limited,EQ,10
RANASUG,Rana Sugars Limited,EQ,10
RANEENGINE,Rane Engine Valve Limited,EQ,10
RANEHOLDIN,Rane Holdings Limited,EQ,10
RAYMOND,Raymond Limited,EQ,10
RBA,Restaurant Brands Asia Limited,EQ,10
RBL,Rane Brake Lining Limited,EQ,10
RBLBANK,RBL Bank Limited,EQ,10
RCF,Rashtriya Chemicals and Fertilizers Limited,EQ,10
RECLTD,REC Limited,EQ,10
REFEX,Refex Industries Limited,EQ,10
REGENCERAM,Regency Ceramics Limited,BE,10
RELCHEMQ,Reliance Chemotex Industries Limited,EQ,10
RELIANCE,Reliance Industries Limited,EQ,10
RELIGARE,Religare Enterprises Limited,EQ,10
RELINFRA,Reliance Infrastructure Limited,EQ,10
REMSONSIND,Remsons Industries Limited,EQ,10
REPCOHOME,Repco Home Finance Limited,EQ,10
REPL,Rudrabhishek Enterprises Limited,EQ,10
REPRO,Repro India Limited,EQ,10
REVATHI,Revathi Equipment Limited,EQ,10
RHFL,Reliance Home Finance Limited,EQ,10
RIIL,Reliance Industrial Infrastructure Limited,EQ,10
RITCO,Ritco Logistics Limited,EQ,10
RITES,RITES Limited,EQ,10
RKDL,Ravi Kumar Distilleries Limited,EQ,10
RKEC,RKEC Projects Limited,EQ,10
RMCL,Radha Madhav Corporation Limited,BZ,10
RML,Rane (Madras) Limited,EQ,10
RNAVAL,Reliance Naval and Engineering Limited,BZ,10
ROHLTD,Royal Orchid Hotels Limited,EQ,10
ROLEXRINGS,Rolex Rings Limited,EQ,10
ROLTA,Rolta India Limited,BZ,10
ROML-RE,Raj Oil Mills Limited-RE,BE,10
ROUTE,ROUTE MOBILE LIMITED,EQ,10
RPGLIFE,RPG Life Sciences Limited,EQ,8
RPOWER,Reliance Power Limited,EQ,10
RPPINFRA,R.P.P. Infra Projects Limited,EQ,10
RPPL,Rajshree Polypack Limited,EQ,10
RPSGVENT,RPSG VENTURES LIMITED,EQ,10
RSWM,RSWM Limited,EQ,10
RTNPOWER,RattanIndia Power Limited,EQ,10
RUCHIRA,Ruchira Papers Limited,EQ,10
RUSHIL,Rushil Decor Limited,EQ,10
RUSTOMJEE,Keystone Realtors Limited,EQ,10
RVNL,Rail Vikas Nigam Limited,EQ,10
S&SPOWER,S&S Power Switchgears Limited,BE,10
SABEVENTS,Sab Events & Governance Now Media Limited,EQ,10
SABTN,Sri Adhikari Brothers Television Network Limited,BE,10
SADBHIN,Sadbhav Infrastructure Project Limited,EQ,10
SAGARDEEP,Sagardeep Alloys Limited,EQ,10
SAH,Sah Polymers Limited,EQ,10
SAIL,Steel Authority of India Limited,EQ,10
SAKAR,Sakar Healthcare Limited,EQ,10
SAKHTISUG,Sakthi Sugars Limited,EQ,10
SALONA,Salona Cotspin Limited,EQ,10
SALSTEEL,S.A.L. Steel Limited,EQ,10
SALZERELEC,Salzer Electronics Limited,EQ,10
SANCO,Sanco Industries Limited,BE,10
SANDESH,The Sandesh Limited,EQ,10
SANDHAR,Sandhar Technologies Limited,EQ,10
SANGAMIND,Sangam (India) Limited,EQ,10
SANGHIIND,Sanghi Industries Limited,EQ,10
SANGINITA,Sanginita Chemicals Limited,EQ,10
SANOFI,Sanofi India Limited,EQ,10
SAPPHIRE,Sapphire Foods India Limited,EQ,10
SARDAEN,Sarda Energy & Minerals Limited,EQ,10
SARVESHWAR,Sarveshwar Foods Limited,EQ,10
SASKEN,Sasken Technologies Limited,EQ,10
SASTASUNDR,Sastasundar Ventures Limited,EQ,10
SATIN,Satin Creditcare Network Limited,EQ,10
SBGLP,Suratwwala Business Group Limited,EQ,10
SBICARD,SBI Cards and Payment Services Limited,EQ,10
SBILIFE,SBI Life Insurance Company Limited,EQ,10
SCI,Shipping Corporation Of India Limited,EQ,10
SCPL,Sheetal Cool Products Limited,EQ,10
SEAMECLTD,Seamec Limited,EQ,10
SECURCRED,SecUR Credentials Limited,EQ,10
SEJALLTD,Sejal Glass Limited,BE,10
SELAN,Selan Exploration Technology Limited,EQ,10
SELMC,SEL Manufacturing Company Limited,BE,10
SEPC,SEPC Limited,EQ,10
SEPOWER,S.E. Power Limited,EQ,10
SGIL,Synergy Green Industries Limited,EQ,10
SGL,STL Global Limited,EQ,10
SHAHALLOYS,Shah Alloys Limited,EQ,10
SHAILY,Shaily Engineering Plastics Limited,EQ,10
SHAKTIPUMP,Shakti Pumps (India) Limited,EQ,10
SHALBY,Shalby Limited,EQ,10
SHANKARA,Shankara Building Products Limited,EQ,10
SHANTI,Shanti Overseas (India) Limited,EQ,10
SHARDACROP,Sharda Cropchem Limited,EQ,10
SHAREINDIA,Share India Securities Limited,EQ,10
SHEMAROO,Shemaroo Entertainment Limited,EQ,10
SHIVAMILLS,Shiva Mills Limited,EQ,10
SHIVATEX,Shiva Texyarn Limited,EQ,10
SHK,S H Kelkar and Company Limited,EQ,10
SHREDIGCEM,Shree Digvijay Cement Co.Ltd,EQ,10
SHREECEM,SHREE CEMENT LIMITED,EQ,10
SHREEPUSHK,Shree Pushkar Chemicals & Fertilisers Limited,EQ,10
SHREYANIND,Shreyans Industries Limited,EQ,10
SHREYAS,Shreyas Shipping & Logistics Limited,EQ,10
SHRIPISTON,Shriram Pistons & Rings Limited,BE,10
SHRIRAMFIN,Shriram Finance Limited,EQ,10
SHRIRAMPPS,Shriram Properties Limited,EQ,10
SHYAMMETL,Shyam Metalics and Energy Limited,EQ,10
SHYAMTEL,Shyam Telecom Limited,EQ,10
SIGACHI,Sigachi Industries Limited,EQ,10
SIGIND,Signet Industries Limited,EQ,10
SIKKO,Sikko Industries Limited,BE,10
SILGO,Silgo Retail Limited,EQ,10
SILINV,SIL Investments Limited,EQ,10
SILLYMONKS,Silly Monks Entertainment Limited,BE,10
SILVERTUC,Silver Touch Technologies Limited,EQ,10
SIMBHALS,Simbhaoli Sugars Limited,EQ,10
SINTERCOM,Sintercom India Limited,BE,10
SIRCA,Sirca Paints India Limited,EQ,10
SJS,S.J.S. Enterprises Limited,EQ,10
SJVN,SJVN Limited,EQ,10
SKFINDIA,SKF India Limited,EQ,10
SKMEGGPROD,SKM Egg Products Export (India) Limited,EQ,10
SKYGOLD,Sky Gold Limited,EQ,10
SMLISUZU,SML Isuzu Limited,EQ,10
SMLT,Sarthak Metals Limited,EQ,10
SMSLIFE,SMS Lifesciences India Limited,EQ,10
SNOWMAN,Snowman Logistics Limited,EQ,10
SOBHA,Sobha Limited,EQ,10
SOFTTECH,Softtech Engineers Limited,EQ,10
SOLARA,Solara Active Pharma Sciences Limited,EQ,10
SOMATEX,Soma Textiles & Industries Limited,EQ,10
SOMICONVEY,Somi Conveyor Beltings Limited,EQ,10
SONACOMS,Sona BLW Precision Forgings Limited,EQ,10
SONAMCLOCK,Sonam Clock Limited,EQ,10
SOUTHWEST,South West Pinnacle Exploration Limited,EQ,10
SPAL,S. P. Apparels Limited,EQ,10
SPANDANA,Spandana Sphoorty Financial Limited,EQ,10
SPECIALITY,Speciality Restaurants Limited,EQ,10
SPENTEX,Spentex Industries Limited,BZ,10
SPIC,Southern Petrochemicals Industries Corporation  Limited,EQ,10
SPICEJET,SPICEJET LTD,EQ,10
SPLIL,SPL Industries Limited,EQ,10
SPORTKING,Sportking India Limited,EQ,10
SREEL,Sreeleathers Limited,EQ,10
SRF,SRF Limited,EQ,10
SRHHYPOLTD,Sree Rayalaseema Hi-Strength Hypo Limited,EQ,10
SRPL,Shree Ram Proteins Limited,EQ,10
STAR,Strides Pharma Science Limited,EQ,10
STARHEALTH,Star Health and Allied Insurance Company Limited,EQ,10
STARPAPER,Star Paper Mills Limited,EQ,10
STARTECK,Starteck Finance Limited,EQ,10
STCINDIA,The State Trading Corporation of India Limited,EQ,10
STEELCITY,Steel City Securities Limited,EQ,10
STEL,Stel Holdings Limited,EQ,10
STOVEKRAFT,Stove Kraft Limited,EQ,10
STYRENIX,Styrenix Performance Materials Limited,EQ,10
SUKHJITS,Sukhjit Starch & Chemicals Limited,EQ,10
SUMEETINDS,Sumeet Industries Limited,BE,10
SUMICHEM,Sumitomo Chemical India Limited,EQ,10
SUMIT,Sumit Woods Limited,BE,10
SUMMITSEC,Summit Securities Limited,EQ,10
SUNDARMFIN,Sundaram Finance Limited,EQ,10
SUNDRMBRAK,Sundaram Brake Linings Limited,EQ,10
SUNFLAG,Sunflag Iron And Steel Company Limited,EQ,10
SUPERHOUSE,Superhouse Limited,EQ,10
SUPREMEINF,Supreme Infrastructure India Limited,EQ,10
SURYALAXMI,Suryalakshmi Cotton Mills Limited,EQ,10
SURYAROSNI,Surya Roshni Limited,EQ,10
SURYODAY,Suryoday Small Finance Bank Limited,EQ,10
SUULD,Suumaya Industries Limited,EQ,10
SWARAJENG,Swaraj Engines Limited,EQ,10
SWELECTES,Swelect Energy Systems Limited,EQ,10
SYNGENE,Syngene International Limited,EQ,10
SYRMA,Syrma SGS Technology Limited,EQ,10
TAINWALCHM,Tainwala Chemical and Plastic (I) Limited,BE,10
TALBROAUTO,Talbros Automotive Components Limited,EQ,10
TANTIACONS,Tantia Constructions Limited,BZ,10
TARAPUR,Tarapur Transformers Limited,EQ,10
TARMAT,Tarmat Limited,EQ,10
TASTYBITE,Tasty Bite Eatables Limited,EQ,10
TATACHEM,Tata Chemicals Limited,EQ,10
TATACOMM,Tata Communications Limited,EQ,10
TATAELXSI,Tata Elxsi Limited,EQ,10
TATAINVEST,Tata Investment Corporation Limited,EQ,10
TATAMETALI,Tata Metaliks Limited,EQ,10
TATASTLLP,Tata Steel Long Products Limited,EQ,10
TATVA,Tatva Chintan Pharma Chem Limited,EQ,10
TBZ,Tribhovandas Bhimji Zaveri Limited,EQ,10
TCPLPACK,TCPL Packaging Limited,EQ,10
TEAMLEASE,Teamlease Services Limited,EQ,10
TECHIN,Techindia Nirman Limited,EQ,10
TEGA,Tega Industries Limited,EQ,10
TEJASNET,Tejas Networks Limited,EQ,10
TEMBO,Tembo Global Industries Limited,EQ,10
TERASOFT,Tera Software Limited,EQ,10
TEXMOPIPES,Texmo Pipes and Products Limited,EQ,10
TFCILTD,Tourism Finance Corporation of India Limited,EQ,10
TFL,Transwarranty Finance Limited,EQ,10
TGBHOTELS,TGB Banquets And Hotels Limited,EQ,10
THANGAMAYL,Thangamayil Jewellery Limited,EQ,10
THEINVEST,The Investment Trust Of India Limited,EQ,10
THEMISMED,Themis Medicare Limited,EQ,10
THOMASCOTT,Thomas Scott (India) Limited,EQ,10
THYROCARE,Thyrocare Technologies Limited,EQ,10
TI,Tilaknagar Industries Limited,EQ,10
TIIL,Technocraft Industries (India) Limited,EQ,10
TIJARIA,Tijaria Polypipes Limited,BE,10
TIL,TIL Limited,BE,10
TIMESGTY,Times Guaranty Limited,EQ,10
TIMKEN,Timken India Limited,EQ,10
TINPLATE,The Tinplate Company of India Limited,EQ,10
TIPSFILMS,Tips Films Limited,EQ,10
TIPSINDLTD,TIPS Industries Limited,EQ,10
TMB,Tamilnad Mercantile Bank Limited,EQ,10
TNPETRO,Tamilnadu PetroProducts Limited,EQ,10
TNPL,Tamil Nadu Newsprint & Papers Limited,EQ,10
TNTELE,Tamilnadu Telecommunication Limited,BE,10
TOKYOPLAST,Tokyo Plast International Limited,EQ,10
TORNTPOWER,Torrent Power Limited,EQ,10
TOTAL,Total Transport Systems Limited,EQ,10
TOUCHWOOD,Touchwood Entertainment Limited,BE,10
TREEHOUSE,Tree House Education & Accessories Limited,EQ,10
TREJHARA,TREJHARA SOLUTIONS LIMITED,EQ,10
TRF,TRF Limited,EQ,10
TRIGYN,Trigyn Technologies Limited,EQ,10
TTKHLTCARE,TTK Healthcare Limited,EQ,10
TTL,T T Limited,EQ,10
TTML,Tata Teleservices (Maharashtra) Limited,EQ,10
TVSELECT,TVS Electronics Limited,EQ,10
TVSSRICHAK,TVS Srichakra Limited,EQ,10
TVVISION,TV Vision Limited,BE,10
UCALFUEL,Ucal Fuel Systems Limited,EQ,10
UCOBANK,UCO Bank,EQ,10
UFLEX,UFLEX Limited,EQ,10
UFO,UFO Moviez India Limited,EQ,10
UGROCAP,Ugro Capital Limited,EQ,10
UJJIVAN,Ujjivan Financial Services Limited,EQ,10
UJJIVANSFB,Ujjivan Small Finance Bank Limited,EQ,10
ULTRACEMCO,UltraTech Cement Limited,EQ,10
UMAEXPORTS,Uma Exports Limited,EQ,10
UNIDT,United Drilling Tools Limited,EQ,10
UNIINFO,Uniinfo Telecom Services Limited,EQ,10
UNIONBANK,Union Bank of India,EQ,10
UNIPARTS,Uniparts India Limited,EQ,10
UNITEDPOLY,United Polyfab Gujarat Limited,BE,10
UNITEDTEA,The United Nilgiri Tea Estates Company Limited,EQ,10
UNIVASTU,Univastu India Limited,EQ,10
UNIVCABLES,Universal Cables Limited,EQ,10
UNIVPHOTO,Universus Photo Imagings Limited,EQ,10
UTIAMC,UTI Asset Management Company Limited,EQ,10
UTTAMSUGAR,Uttam Sugar Mills Limited,EQ,10
V2RETAIL,V2 Retail Limited,EQ,10
VADILALIND,Vadilal Industries Limited,EQ,10
VAISHALI,Vaishali Pharma Limited,EQ,10
VALIANTORG,Valiant Organics Limited,EQ,10
VARDHACRLC,Vardhman Acrylics Limited,EQ,10
VARDMNPOLY,Vardhman Polytex Limited,EQ,10
VASCONEQ,Vascon Engineers Limited,EQ,10
VASWANI,Vaswani Industries Limited,EQ,10
VBL,Varun Beverages Limited,EQ,10
VENKEYS,Venky's (India) Limited,EQ,10
VENUSPIPES,Venus Pipes & Tubes Limited,EQ,10
VENUSREM,Venus Remedies Limited,EQ,10
VERANDA,Veranda Learning Solutions Limited,EQ,10
VERTOZ,Vertoz Advertising Limited,BE,10
VESUVIUS,Vesuvius India Limited,EQ,10
VETO,Veto Switchgears And Cables Limited,EQ,10
VHL,Vardhman Holdings Limited,EQ,10
VINDHYATEL,Vindhya Telelinks Limited,EQ,10
VINEETLAB,Vineet Laboratories Limited,EQ,10
VISAKAIND,Visaka Industries Limited,EQ,10
VISASTEEL,Visa Steel Limited,BE,10
VLSFINANCE,VLS Finance Limited,EQ,10
VMART,V-Mart Retail Limited,EQ,10
VOLTAMP,Voltamp Transformers Limited,EQ,10
VRLLOG,VRL Logistics Limited,EQ,10
VSSL,Vardhman Special Steels Limited,EQ,10
VSTIND,VST Industries Limited,EQ,10
VSTTILLERS,V.S.T Tillers Tractors Limited,EQ,10
WANBURY,Wanbury Limited,BE,10
WATERBASE,Waterbase Limited,EQ,10
WEALTH,Wealth First Portfolio Managers Limited,EQ,10
WEBELSOLAR,Websol Energy System Limited,EQ,10
WEIZMANIND,Weizmann Limited,EQ,10
WEL,Wonder Electricals Limited,EQ,10
WELENT,Welspun Enterprises Limited,EQ,10
WELINV,Welspun Investments and Commercials Limited,EQ,10
WENDT,Wendt (India) Limited,EQ,10
WEWIN,WE WIN LIMITED,EQ,10
WHEELS,Wheels India Limited,EQ,10
WHIRLPOOL,Whirlpool of India Limited,EQ,10
WILLAMAGOR,Williamson Magor & Company Limited,EQ,10
WIPL,The Western India Plywoods Limited,BE,10
WONDERLA,Wonderla Holidays Limited,EQ,10
WORTH,Worth Peripherals Limited,EQ,10
XCHANGING,Xchanging Solutions Limited,EQ,10
XELPMOC,Xelpmoc Design And Tech Limited,EQ,10
XPROINDIA,Xpro India Limited,EQ,10
YUKEN,Yuken India Limited,EQ,10
ZENITHEXPO,Zenith Exports Limited,BE,10
ZENITHSTL,Zenith Steel Pipes & Industries Limited,EQ,10
ZIMLAB,Zim Laboratories Limited,EQ,10
ZODIAC,Zodiac Energy Limited,EQ,10
ZODIACLOTH,Zodiac Clothing Company Limited,EQ,10
ZOTA,Zota Health Care LImited,EQ,10
ZUARI,Zuari Agro Chemicals Limited,EQ,10
ZUARIIND,ZUARI INDUSTRIES LIMITED,EQ,10
ZYDUSWELL,Zydus Wellness Limited,EQ,10
